{"loss_total":0.5623894929885864,"loss_pde":0.21371710300445557,"_runtime":121,"loss_data":0.5613672137260437,"_wandb":{"runtime":121},"loss_flux":0.00015500378503929824,"lambda_pde":0.0001,"lambda_bc":0.0001,"loss_bc":10.00909423828125,"lambda_reg":1e-08,"_step":999,"epoch_adam":999,"loss_reg":0.0024559670127928257,"lambda_flux":0.0001,"lr_adam":0.0004999999999999994,"_timestamp":1.7823251967041726e+09}