{"epoch_lbfgs":499,"lr_adam":0.001,"loss_total":3.495935567820194e+24,"loss_bc":3.488579694433622e+22,"lambda_bc":100,"lambda_flux":99.99760947410012,"_step":1499,"epoch_adam":999,"lambda_reg":0.009707378446959137,"loss_data":7.356033827309032e+21,"_timestamp":1.7822510475295215e+09,"loss_flux":0.00038394550210796297,"lambda_pde":99.99737042151015,"_runtime":269,"loss_pde":1.0450818e+07,"loss_reg":0.0002712574787437916,"_wandb":{"runtime":269}}