{"_timestamp":1.7822324090589285e+09,"_step":1499,"_wandb":{"runtime":2103},"loss_total":0.0005522449500858784,"loss_reg":3.3862630516523495e-05,"loss_data":0.0005142425070516765,"loss_flux":0.00317348912358284,"epoch_adam":999,"epoch_lbfgs":499,"_runtime":2103,"loss_bc":6.233684644030291e-07,"loss_pde":2.4678902832420135e-07}