{"loss_pde":7.25994176512e+13,"loss_bc":2.1748297776162773e+20,"lambda_flux":99.484622479268,"lambda_pde":99.4330847271948,"epoch_lbfgs":499,"lambda_reg":1,"lambda_bc":100,"_timestamp":1.7823237208946383e+09,"epoch_adam":999,"loss_flux":1.8513278976e+10,"loss_reg":0.0021754580084234476,"loss_data":3.939433614088864e+19,"_step":1499,"lr_adam":0.001,"_runtime":193,"loss_total":2.1787698924877708e+22,"_wandb":{"runtime":193}}