{"_wandb":{"runtime":1191},"_runtime":1191,"lr_adam":2.4471741852423374e-05,"lambda_bg":1e-05,"loss_pde":1.0724567118813866e-06,"lambda_bc":0.0001,"_timestamp":1.7823285850817792e+09,"loss_bc":0.392507940530777,"loss_flux":0.0009612308931536973,"lambda_reg":1e-08,"_step":4999,"loss_data":0.011922532692551613,"epoch_adam":4999,"lambda_flux":0.0001,"loss_bg":0.00020028659491799772,"lambda_pde":1,"loss_reg":0.003165891394019127,"loss_total":0.011962953954935074}