{"lambda_flux":0.0001,"loss_pde":0.04559658095240593,"_runtime":158,"lambda_bc":0.0001,"epoch_adam":999,"_timestamp":1.7823251694312057e+09,"loss_data":0.17768487334251404,"lambda_reg":1e-08,"_step":999,"loss_total":0.17822760343551636,"loss_flux":0.10304244607686996,"loss_bc":5.278526306152344,"lr_adam":0.0004999999999999994,"lambda_pde":0.0001,"_wandb":{"runtime":158},"loss_reg":0.00271459948271513}