{"loss_reg":0.001129868091084063,"_wandb":{"runtime":2037},"_step":1499,"loss_total":6.489945371868089e-05,"loss_flux":2.099725691095955e-07,"loss_pde":0.0010504663223400712,"epoch_lbfgs":499,"loss_bc":0.00029137247474864125,"_timestamp":1.782228053760191e+09,"epoch_adam":999,"loss_data":6.074871271266602e-05,"_runtime":2037}