{"epoch_adam":999,"loss_data":3.5207952768154372e+28,"loss_bc":1.763230586060792e+29,"_runtime":158,"lambda_reg":0.0041679051203449185,"lambda_bc":100,"_step":1499,"loss_pde":1.7462910976e+11,"loss_flux":2.687567550679664e+21,"loss_total":1.7667513936157604e+31,"epoch_lbfgs":499,"_timestamp":1.7822522888854332e+09,"lambda_pde":99.99737042151015,"lambda_flux":99.99760947410012,"_wandb":{"runtime":158},"lr_adam":0.001,"loss_reg":0.00027806925936602056}