{"loss_pde":9.107071541336609e-09,"loss_warmup_m":5.828545181429945e-05,"w_reg":1075.603279790168,"loss_total":16.10312843322754,"_runtime":343,"loss_reg":0.00010028819087892771,"w_pde":35545.7502049899,"_step":2313,"loss_bc":6.406070315279067e-05,"_timestamp":1.7825012842249582e+09,"loss_flux":2.157219824994172e-07,"w_bc":574.2179353994118,"epoch_adam":2313,"w_data":0.20075688390423127,"lr_u":0.0007089018234734485,"w_flux":1007.353211163145,"_wandb":{"runtime":343},"loss_data":79.48884582519531,"lr_m":0.00035445091173672423}