{"lambda_bc":100,"lambda_flux":99.99760947410012,"loss_total":4.505745522224194e+20,"loss_data":1.1086163399682294e+18,"lambda_pde":99.99737042151015,"epoch_adam":999,"loss_reg":0.0006149612017907202,"loss_pde":408939.125,"lambda_reg":1,"_step":1499,"_timestamp":1.7823191518775814e+09,"_runtime":159,"lr_adam":0.001,"_wandb":{"runtime":159},"epoch_lbfgs":499,"loss_flux":0.27294039726257324,"loss_bc":4.4946592234471424e+18}