{"loss_bc":1.2461396181606688e-07,"_timestamp":1.7822493063694363e+09,"loss_pde":1.6906835043073443e-08,"epoch_lbfgs":272,"loss_flux":0.0006186254322528839,"_wandb":{"runtime":1673},"loss_reg":1.3023851352045313e-05,"loss_data":0.00011124929005745798,"_runtime":1673,"epoch_adam":999,"loss_total":0.00011998406262136996,"_step":1272}