{"loss_data":0.17053110897541046,"_wandb":{"runtime":495},"_timestamp":1.7824910154023883e+09,"w_pde":545.9581875183657,"w_bc":66.94482342807677,"w_flux":44.991797412997734,"loss_total":32476.513671875,"w_reg":3.247646884311765e+08,"lr_u":2.4471741852423374e-05,"w_data":0.20214375772539483,"_runtime":495,"epoch_adam":4999,"loss_pde":4.6066546133261e-08,"lr_m":1.2235870926211687e-05,"loss_bc":9.80355480351136e-07,"loss_flux":3.4353226929795255e-09,"loss_reg":0.00010000002657761797,"_step":4999,"loss_warmup_m":5.088249235996045e-05}