{"loss_total":1.2619701623916626,"lr_m":0,"_wandb":{"runtime":938},"loss_bc":2.2544861622009194e-06,"w_bc":29.258598460445434,"w_reg":12580.6203061393,"epoch_adam":4999,"loss_data":0.018025226891040802,"_runtime":938,"_timestamp":1.7825032182302856e+09,"w_flux":89.31118446267382,"lr_u":0,"w_pde":195.8597074252495,"loss_reg":0.00010000001202570274,"_step":4999,"loss_flux":1.589767380238971e-11,"loss_pde":3.769997292124572e-08,"w_data":0.21273694644863275}