{"loss_pde":4.139797511015786e-06,"lambda_flux":0.0001,"lambda_bg":1e-05,"loss_data":0.016430284827947617,"epoch_adam":4999,"lambda_bc":0.0001,"loss_bg":8.126896136673167e-05,"loss_bc":0.08718495070934296,"_runtime":1149,"lambda_pde":1,"_timestamp":1.7823318412876377e+09,"loss_reg":0.0023730499669909477,"_wandb":{"runtime":1149},"loss_total":0.01644580438733101,"loss_flux":0.0028726847376674414,"lr_adam":2.4471741852423374e-05,"lambda_reg":0.001,"_step":4999}