{"loss_bg":7.60461698519066e-05,"_step":4999,"lambda_bg":1e-05,"_wandb":{"runtime":1139},"loss_reg":0.0024963305331766605,"lr_adam":2.4471741852423374e-05,"lambda_flux":0.0001,"_timestamp":1.7823267391707442e+09,"epoch_adam":4999,"_runtime":1139,"lambda_reg":1e-08,"loss_total":0.01605137437582016,"lambda_pde":10,"loss_data":0.015944579616189003,"loss_flux":0.005570810288190842,"lambda_bc":0.0001,"loss_bc":0.9702954292297363,"loss_pde":9.208638402924407e-07}