{"loss_pde":4.1656522853372735e-07,"epoch_adam":4999,"loss_reg":0.002257473999634385,"loss_flux":0.00016346585471183062,"_wandb":{"runtime":697},"w_bc":1,"_runtime":697,"lr_adam":2.4471741852423374e-05,"loss_data":0.006036930717527866,"_timestamp":1.7824838823995812e+09,"loss_total":0.006218006368726492,"_step":4999,"w_flux":1,"w_reg":0.0001,"loss_warmup":2.7901001885766163e-05,"loss_bc":1.696718391031027e-05,"w_pde":1}