{"loss_pde":8.27816064e+08,"lambda_pde":99.99737042151015,"loss_data":1.869953133696664e+25,"loss_total":7.300865356000594e+27,"loss_reg":0.00014175624528434128,"loss_bc":7.2821658177460986e+25,"lambda_flux":99.99760947410012,"_wandb":{"runtime":152},"loss_flux":9.14195130351616e+14,"_runtime":152,"epoch_adam":999,"lambda_reg":0.019760234842583352,"lambda_bc":100,"epoch_lbfgs":499,"_step":1499,"lr_adam":0.001,"_timestamp":1.7823187131425052e+09}