{"_wandb":{"runtime":749},"w_flux":24.42586067238729,"_timestamp":1.7825050452794535e+09,"_runtime":749,"loss_data":1.0248234272003174,"loss_pde":1.8901719158748165e-06,"lr_u":0,"w_bc":27.116166286268317,"_step":4999,"lr_m":0,"loss_reg":9.999999747378752e-05,"loss_total":69.51819610595703,"loss_bc":2.4195680452976376e-05,"epoch_adam":4999,"loss_flux":4.8893020903051365e-06,"w_pde":34.132661893238954,"w_reg":693009.6206044598,"w_data":0.211145628037102}