{"_step":4999,"lr_adam":2.4471741852423374e-05,"w_bc":10,"epoch_adam":4999,"loss_data":0.01741337962448597,"loss_reg":0.00010036806634161621,"w_pde":0.0001,"w_reg":0.1,"loss_pde":4.48309265266289e-06,"loss_warmup":2.806813790812157e-05,"loss_total":0.017450612038373947,"w_flux":0.01,"_timestamp":1.782487677083774e+09,"_runtime":889,"loss_flux":0.00021139730233699083,"_wandb":{"runtime":889},"loss_bc":2.508266788936453e-06}