{"_timestamp":1.7822368343425994e+09,"loss_total":0.0002946943568531424,"loss_bc":6.937663670214533e-07,"_runtime":1548,"loss_pde":2.1616062440443784e-05,"loss_data":0.00027069964562542737,"_step":1499,"epoch_adam":999,"epoch_lbfgs":499,"_wandb":{"runtime":1548},"loss_reg":1.8078894754580688e-06,"loss_flux":0.001687411218881607}