{"loss_bg":7.036845636321232e-05,"lambda_flux":0.0001,"loss_total":0.010733911767601967,"lambda_reg":0.001,"loss_bc":1.0119537115097046,"_runtime":1243,"loss_flux":0.0002244873612653464,"_wandb":{"runtime":1243},"lr_adam":2.4471741852423374e-05,"_timestamp":1.7823305302949517e+09,"lambda_bc":0.0001,"epoch_adam":4999,"loss_pde":4.2878524254774675e-05,"lambda_pde":1,"loss_reg":0.0013996126363053918,"lambda_bg":1e-05,"_step":4999,"loss_data":0.010588414967060089}