{"_runtime":105,"loss_total":1.8158091500285397e+30,"lambda_bc":99.95577800865244,"lr_adam":0.001,"lambda_pde":99.4330847271948,"lambda_reg":1,"_step":1499,"_wandb":{"runtime":105},"_timestamp":1.7823196231070876e+09,"loss_flux":4.05082537984e+11,"loss_pde":1.2579022848e+10,"lambda_flux":99.484622479268,"loss_data":1.1863641972338854e+27,"epoch_lbfgs":499,"loss_reg":5.826671895192703e-06,"loss_bc":1.8154254860860054e+28,"epoch_adam":999}